{
  "casual_daily0_f_240709": {
    "themeName": "Daily plog",
    "coverImage": "https://dhg6tfla6xnxl.cloudfront.net/static/theme/casual_daily0_f_240709_fb.jpg",
    "images": []
  },
  "fun_cuteanimal_g_240807": {
    "themeName": "Cute Animal",
    "coverImage": "https://dhg6tfla6xnxl.cloudfront.net/static/theme/fun_cuteanimal_g_240807_fb.jpg",
    "images": []
  },
  "fantasy_dragon_f_240731": {
    "themeName": "Dragon",
    "coverImage": "https://dhg6tfla6xnxl.cloudfront.net/static/theme/fantasy_dragon_f_240731_fb.jpg",
    "images": []
  },
  "casual_outfit2_f_240807": {
    "themeName": "Outfit",
    "coverImage": "https://dhg6tfla6xnxl.cloudfront.net/static/theme/casual_outfit2_f_240807_fb.jpg",
    "images": []
  },
  "fun_futurebaby2_m_240701": {
    "themeName": "Future Baby",
    "coverImage": "https://dhg6tfla6xnxl.cloudfront.net/static/theme/fun_futurebaby2_m_240701_fb.jpg",
    "images": []
  },
  "casual_family_g_240806": {
    "themeName": "Family",
    "coverImage": "https://dhg6tfla6xnxl.cloudfront.net/static/theme/casual_family_g_240806_fb.jpg",
    "images": []
  },
  "casual_sofa_m_240805": {
    "themeName": "Sofa",
    "coverImage": "https://dhg6tfla6xnxl.cloudfront.net/static/theme/casual_sofa_m_240805_fb.jpg",
    "images": []
  },
  "casual_twins_g_240806": {
    "themeName": "Twins",
    "coverImage": "https://dhg6tfla6xnxl.cloudfront.net/static/theme/casual_twins_g_240806_fb.jpg",
    "images": []
  },
  "casual_sofa_f_240702": {
    "themeName": "Sofa",
    "coverImage": "https://dhg6tfla6xnxl.cloudfront.net/static/theme/casual_sofa_f_240702_fb.jpg",
    "images": []
  },
  "classic_magazine_f_240807": {
    "themeName": "Magazine",
    "coverImage": "https://dhg6tfla6xnxl.cloudfront.net/static/theme/classic_magazine_f_240807_fb.jpg",
    "images": []
  },
  "beach": {
    "themeName": "Beach",
    "coverImage": "https://dhg6tfla6xnxl.cloudfront.net/static/theme/beach_fb.jpg",
    "images": []
  },
  "casual_outing_f_240619": {
    "themeName": "Outing",
    "coverImage": "https://dhg6tfla6xnxl.cloudfront.net/static/theme/casual_outing_f_240619_fb.jpg",
    "images": []
  },
  "casual_spring_f_240607": {
    "themeName": "CASUAL SPRING",
    "coverImage": "https://dhg6tfla6xnxl.cloudfront.net/70/4f/10/77dc084df89c9640a529fdbd9a.jpg",
    "gender": [
      "FEMALE"
    ],
    "images": [
      {
        "theme_id": "casual_spring_f_240607",
        "key": "",
        "thn": "https://dhg6tfla6xnxl.cloudfront.net/70/4f/10/77dc084df89c9640a529fdbd9a.jpg",
        "tag": "banner",
        "url": "https://dhg6tfla6xnxl.cloudfront.net/70/4f/10/77dc084df89c9640a529fdbd9a.jpg",
        "id": 0
      }
    ]
  },
  "travel_custome_f_240516": {
    "themeName": "TRAVEL CUSTOME",
    "coverImage": "https://dhg6tfla6xnxl.cloudfront.net/52/b2/2f/0dd1cc4061a70ed5818d974935.jpg",
    "gender": [
      "FEMALE"
    ],
    "images": [
      {
        "theme_id": "travel_custome_f_240516",
        "key": "",
        "thn": "https://dhg6tfla6xnxl.cloudfront.net/52/b2/2f/0dd1cc4061a70ed5818d974935.jpg",
        "tag": "banner",
        "url": "https://dhg6tfla6xnxl.cloudfront.net/52/b2/2f/0dd1cc4061a70ed5818d974935.jpg",
        "id": 0
      }
    ]
  },
  "travel_thai_f_240328": {
    "themeName": "TRAVEL THAI",
    "coverImage": "https://dhg6tfla6xnxl.cloudfront.net/dd/e1/3c/bd9bda447587ab43854a06200f.jpg",
    "gender": [
      "FEMALE"
    ],
    "images": [
      {
        "theme_id": "travel_thai_f_240328",
        "key": "",
        "thn": "https://dhg6tfla6xnxl.cloudfront.net/dd/e1/3c/bd9bda447587ab43854a06200f.jpg",
        "tag": "banner",
        "url": "https://dhg6tfla6xnxl.cloudfront.net/dd/e1/3c/bd9bda447587ab43854a06200f.jpg",
        "id": 0
      },
      {
        "key": "travel_thai_f_240328/000009_f_y_240328.png",
        "theme_id": "travel_thai_f_240328",
        "thn": "theme_thn/travel_thai_f_240328/000009_f_y_240328_thn.jpg",
        "url": "https://d3gaqoezqzdns1.cloudfront.net/theme_thn/travel_thai_f_240328/000009_f_y_240328_thn.jpg",
        "id": 1
      }
    ]
  },
  "fun_futurebaby2_f_240701": {
    "themeName": "FUN FUTUREBABY2",
    "coverImage": "https://dhg6tfla6xnxl.cloudfront.net/76/7c/6e/ee5dcb44ecb9561d6f306d5330.jpg",
    "gender": [
      "FEMALE"
    ],
    "images": [
      {
        "theme_id": "fun_futurebaby2_f_240701",
        "key": "",
        "thn": "https://dhg6tfla6xnxl.cloudfront.net/76/7c/6e/ee5dcb44ecb9561d6f306d5330.jpg",
        "tag": "banner",
        "url": "https://dhg6tfla6xnxl.cloudfront.net/76/7c/6e/ee5dcb44ecb9561d6f306d5330.jpg",
        "id": 0
      }
    ]
  },
  "travel_tour0_f_240801": {
    "themeName": "Tour",
    "coverImage": "https://dhg6tfla6xnxl.cloudfront.net/static/theme/travel_tour0_f_240801_fb.jpg",
    "images": []
  },
  "fitness": {
    "themeName": "FITNESS",
    "coverImage": "https://d3gaqoezqzdns1.cloudfront.net/theme_thn/fitness/00019_f_b_240307_thn.jpg",
    "images": [
      {
        "key": "fitness/00019_f_b_240307.png",
        "theme_id": "fitness",
        "thn": "theme_thn/fitness/00019_f_b_240307_thn.jpg",
        "url": "https://d3gaqoezqzdns1.cloudfront.net/theme_thn/fitness/00019_f_b_240307_thn.jpg",
        "id": 0
      }
    ]
  },
  "garden": {
    "themeName": "GARDEN",
    "coverImage": "https://d3gaqoezqzdns1.cloudfront.net/theme_thn/garden/00059_f_w_240611_thn.jpg",
    "gender": [],
    "images": [
      {
        "key": "garden/00059_f_w_240611.png",
        "theme_id": "garden",
        "thn": "theme_thn/garden/00059_f_w_240611_thn.jpg",
        "url": "https://d3gaqoezqzdns1.cloudfront.net/theme_thn/garden/00059_f_w_240611_thn.jpg",
        "id": 0
      }
    ]
  },
  "aurora_female": {
    "themeName": "AURORA",
    "coverImage": "https://d3gaqoezqzdns1.cloudfront.net/theme_thn/aurora_female/25_thn.jpg",
    "gender": [
      "FEMALE"
    ],
    "images": [
      {
        "key": "aurora_female/25.png",
        "theme_id": "aurora_female",
        "thn": "theme_thn/aurora_female/25_thn.jpg",
        "url": "https://d3gaqoezqzdns1.cloudfront.net/theme_thn/aurora_female/25_thn.jpg",
        "id": 0
      }
    ]
  },
  "casual_portrait_f_240802": {
    "themeName": "Portrait",
    "coverImage": "https://dhg6tfla6xnxl.cloudfront.net/static/theme/casual_portrait_f_240802_fb.jpg",
    "images": []
  },
  "vintage_pirate_f_240719": {
    "themeName": "VINTAGE PIRATE",
    "coverImage": "https://d3gaqoezqzdns1.cloudfront.net/theme_thn/vintage_pirate_f_240719/00011_f_w_240719_thn.jpg",
    "gender": [
      "FEMALE"
    ],
    "images": [
      {
        "key": "vintage_pirate_f_240719/00011_f_w_240719.png",
        "theme_id": "vintage_pirate_f_240719",
        "thn": "theme_thn/vintage_pirate_f_240719/00011_f_w_240719_thn.jpg",
        "url": "https://d3gaqoezqzdns1.cloudfront.net/theme_thn/vintage_pirate_f_240719/00011_f_w_240719_thn.jpg",
        "id": 0
      }
    ]
  },
  "casual_uniform_f_240321": {
    "themeName": "CASUAL UNIFORM",
    "coverImage": "https://d3gaqoezqzdns1.cloudfront.net/theme_thn/casual_uniform_f_240321/00006_f_y_240321_thn.jpg",
    "gender": [
      "FEMALE"
    ],
    "images": [
      {
        "key": "casual_uniform_f_240321/00006_f_y_240321.png",
        "theme_id": "casual_uniform_f_240321",
        "thn": "theme_thn/casual_uniform_f_240321/00006_f_y_240321_thn.jpg",
        "url": "https://d3gaqoezqzdns1.cloudfront.net/theme_thn/casual_uniform_f_240321/00006_f_y_240321_thn.jpg",
        "id": 0
      }
    ]
  },
  "fantasy_constellation_f_240805": {
    "themeName": "Constellation",
    "coverImage": "https://dhg6tfla6xnxl.cloudfront.net/static/theme/fantasy_constellation_f_240805_fb.jpg",
    "images": []
  },
  "fun_painting_g_240527": {
    "themeName": "FUN PAINTING",
    "coverImage": "https://d3gaqoezqzdns1.cloudfront.net/theme_thn/fun_painting_g_240527/00016_f_w_240606_thn.jpg",
    "gender": [
      "FEMALE",
      "MALE"
    ],
    "images": [
      {
        "key": "fun_painting_g_240527/00016_f_w_240606.jpg",
        "theme_id": "fun_painting_g_240527",
        "thn": "theme_thn/fun_painting_g_240527/00016_f_w_240606_thn.jpg",
        "url": "https://d3gaqoezqzdns1.cloudfront.net/theme_thn/fun_painting_g_240527/00016_f_w_240606_thn.jpg",
        "id": 0
      }
    ]
  },
  "christmas_female": {
    "themeName": "CHRISTMAS",
    "coverImage": "https://d3gaqoezqzdns1.cloudfront.net/theme_thn/christmas_female/14_thn.jpg",
    "gender": [
      "FEMALE"
    ],
    "images": [
      {
        "key": "christmas_female/14.png",
        "theme_id": "christmas_female",
        "thn": "theme_thn/christmas_female/14_thn.jpg",
        "url": "https://d3gaqoezqzdns1.cloudfront.net/theme_thn/christmas_female/14_thn.jpg",
        "id": 0
      }
    ]
  },
  "suit": {
    "themeName": "SUIT",
    "coverImage": "https://d3gaqoezqzdns1.cloudfront.net/theme_thn/suit/00001-2828456004_thn.jpg",
    "gender": [],
    "images": [
      {
        "key": "suit/00001-2828456004.png",
        "theme_id": "suit",
        "thn": "theme_thn/suit/00001-2828456004_thn.jpg",
        "url": "https://d3gaqoezqzdns1.cloudfront.net/theme_thn/suit/00001-2828456004_thn.jpg",
        "id": 0
      }
    ]
  },
  "travel_finery0_f_240730": {
    "themeName": "Finery",
    "coverImage": "https://dhg6tfla6xnxl.cloudfront.net/static/theme/travel_finery0_f_240730_fb.jpg",
    "images": [],
    "gender": [
      "FEMALE"
    ]
  },
  "casual_dog_f_240716": {
    "themeName": "CASUAL DOG",
    "coverImage": "https://d3gaqoezqzdns1.cloudfront.net/theme_thn/casual_dog_f_240716/0005_f_w_240716_thn.jpg",
    "gender": [
      "FEMALE"
    ],
    "images": [
      {
        "key": "casual_dog_f_240716/0005_f_w_240716.png",
        "theme_id": "casual_dog_f_240716",
        "thn": "theme_thn/casual_dog_f_240716/0005_f_w_240716_thn.jpg",
        "url": "https://d3gaqoezqzdns1.cloudfront.net/theme_thn/casual_dog_f_240716/0005_f_w_240716_thn.jpg",
        "id": 0
      }
    ]
  },
  "travel_seaside0_f_240731": {
    "themeName": "Seaside",
    "coverImage": "https://dhg6tfla6xnxl.cloudfront.net/static/theme/travel_seaside0_f_240731_fb.jpg",
    "images": []
  },
  "travel_paris_f_240730": {
    "themeName": "Paris",
    "coverImage": "https://dhg6tfla6xnxl.cloudfront.net/static/theme/travel_paris_f_240730_fb.jpg",
    "gender": [
      "FEMALE"
    ],
    "images": []
  },
  "event_olympicgames_f_240729": {
    "themeName": "Olympic Games",
    "coverImage": "https://dhg6tfla6xnxl.cloudfront.net/static/theme/event_olympicgames_f_240729_fb.jpg",
    "gender": [
      "FEMALE"
    ],
    "images": []
  },
  "travel_samba_f_240726": {
    "themeName": "Samba",
    "coverImage": "https://dhg6tfla6xnxl.cloudfront.net/static/theme/travel_samba_f_240726_fb.jpg",
    "gender": [
      "FEMALE"
    ],
    "images": []
  },
  "casual_glasses_f_240809": {
    "themeName": "Glasses",
    "coverImage": "https://dhg6tfla6xnxl.cloudfront.net/static/theme/casual_glasses_f_240809_fb.jpg",
    "images": []
  },
  "fantasy_angeldemon2_f_240809": {
    "themeName": "Angel&Demon",
    "coverImage": "https://dhg6tfla6xnxl.cloudfront.net/static/theme/fantasy_angeldemon2_f_240809_fb.jpg",
    "images": []
  },
  "casual_feast_f_240808": {
    "themeName": "Feast",
    "coverImage": "https://dhg6tfla6xnxl.cloudfront.net/static/theme/casual_feast_f_240808_fb.jpg",
    "images": []
  },
  "vintage_princess_f_240808": {
    "themeName": "Princess",
    "coverImage": "https://dhg6tfla6xnxl.cloudfront.net/static/theme/vintage_princess_f_240808_fb.jpg",
    "images": []
  }
}